model,best_params,mean_cv_f1,std_cv_f1,mean_cv_recall,mean_cv_precision,mean_cv_accuracy
random_forest,"{'class_weight': 'balanced_subsample', 'max_depth': 15, 'min_samples_leaf': 1}",0.7475584129366853,0.0080474418409622,0.6978798586572438,0.8053732061920351,0.825523560209424
logistic_regression,"{'C': 1.0, 'class_weight': 'balanced'}",0.7157213164451497,0.013007814648813336,0.7395759717314487,0.69387782012812,0.7821989528795812
