strategy,scope,n,accuracy,precision,recall,f1,tn,fp,fn,tp
real_data,global_test,1911,0.8246991104133962,0.8032520325203252,0.6977401129943502,0.7467876039304611,1082,121,214,494
