strategy,scope,n,accuracy,precision,recall,f1,tn,fp,fn,tp
smote,global_test,1911,0.8330716902145474,0.8214876033057851,0.7019774011299436,0.7570449352627571,1095,108,211,497
