n,accuracy,precision,recall,f1,tn,fp,fn,tp
7640,0.8255235602094241,0.805136567468406,0.6978798586572438,0.7476812417187204,4332,478,855,1975
