n,accuracy,precision,recall,f1,tn,fp,fn,tp
7640,0.8267015706806282,0.8119304059652029,0.6925795053003534,0.7475209763539283,4356,454,870,1960
