strategy,global_n,global_accuracy,global_precision,global_recall,global_f1,global_tn,global_fp,global_fn,global_tp,cohort_column,cohort_value,cohort_n,cohort_accuracy,cohort_precision,cohort_recall,cohort_f1,cohort_tn,cohort_fp,cohort_fn,cohort_tp
real_data,7640,0.8235602094240838,0.7933491686460807,0.7081272084805653,0.748319641523525,4288,522,826,2004,client_type,internal_research,804,0.8420398009950248,0.6,0.11363636363636363,0.1910828025477707,662,10,117,15
smote,7640,0.825,0.802104411169567,0.7003533568904594,0.747783437087342,4321,489,848,1982,client_type,internal_research,804,0.8395522388059702,0.5714285714285714,0.09090909090909091,0.1568627450980392,663,9,120,12
baseline,7640,0.8240837696335078,0.8035130718954249,0.6950530035335689,0.7453580901856764,4329,481,863,1967,client_type,internal_research,804,0.8395522388059702,0.5882352941176471,0.07575757575757576,0.1342281879194631,665,7,122,10
smote_cohort,7640,0.8221204188481676,0.8030490317264112,0.6886925795053004,0.741487540422294,4332,478,881,1949,client_type,internal_research,804,0.804726368159204,0.40458015267175573,0.4015151515151515,0.40304182509505704,594,78,79,53
